[
  {
    "Name": "santosh singh",
    "Gender": "female",
    "DateOfBirth": "2024-03-14T00:00:00",
    "Email": "santoshsinghcsharp@gmail.com",
    "ContactNumber": "09661524394",
    "State": "Delhi",
    "City": "Delhi",
    "Hobbies": [
      "Cricket"
    ],
    "AgreeTerms": true
  },
  {
    "Name": "santosh singh",
    "Gender": "male",
    "DateOfBirth": "2024-03-16T00:00:00",
    "Email": "santoshsinghcsharp@gmail.com",
    "ContactNumber": "09661524394",
    "State": "Up",
    "City": "Noida",
    "Hobbies": [
      "Cricket",
      "Football"
    ],
    "AgreeTerms": true
  },
  {
    "Name": "santosh singh",
    "Gender": "female",
    "DateOfBirth": "2024-03-15T00:00:00",
    "Email": "santoshsinghcsharp@gmail.com",
    "ContactNumber": "09661524394",
    "State": "Up",
    "City": "Lucknow",
    "Hobbies": [
      "Chess",
      "Cricket"
    ],
    "AgreeTerms": true
  },
  {
    "Name": "santosh singh",
    "Gender": "female",
    "DateOfBirth": "2024-03-15T00:00:00",
    "Email": "santoshsinghcsharp@gmail.com",
    "ContactNumber": "09661524394",
    "State": "Delhi",
    "City": "New Delhi",
    "Hobbies": [
      "Chess",
      "Cricket"
    ],
    "AgreeTerms": true
  },
  {
    "Name": "santosh singh",
    "Gender": "male",
    "DateOfBirth": "2024-03-15T00:00:00",
    "Email": "santoshsinghcsharp@gmail.com",
    "ContactNumber": "09661524394",
    "State": "Delhi",
    "City": "Delhi",
    "Hobbies": [
      "Chess",
      "Cricket"
    ],
    "AgreeTerms": true
  },
  {
    "Name": "santosh singh",
    "Gender": "female",
    "DateOfBirth": "2024-03-22T00:00:00",
    "Email": "santoshsinghcsharp@gmail.com",
    "ContactNumber": "09661524394",
    "State": "Delhi",
    "City": "New Delhi",
    "Hobbies": [
      "Chess",
      "Cricket",
      "Football"
    ],
    "AgreeTerms": true
  },
  {
    "Name": "santosh singh",
    "Gender": "female",
    "DateOfBirth": "2024-03-13T00:00:00",
    "Email": "santoshsinghcsharp@gmail.com",
    "ContactNumber": "09661524394",
    "State": "Delhi",
    "City": "Delhi",
    "Hobbies": [
      "Cricket",
      "Football"
    ],
    "AgreeTerms": true
  },
  {
    "Name": "santosh singh",
    "Gender": "female",
    "DateOfBirth": "2024-03-15T00:00:00",
    "Email": "santoshsinghcsharp@gmail.com",
    "ContactNumber": "09661524394",
    "State": "Delhi",
    "City": "Delhi",
    "Hobbies": [
      "Chess",
      "Football"
    ],
    "AgreeTerms": true
  },
  {
    "Name": "santosh singh",
    "Gender": "female",
    "DateOfBirth": "2024-03-29T00:00:00",
    "Email": "santoshsinghcsharp@gmail.com",
    "ContactNumber": "09661524394",
    "State": "Delhi",
    "City": "Delhi",
    "Hobbies": [
      "Chess",
      "Cricket"
    ],
    "AgreeTerms": true
  },
  {
    "Name": "santosh singh",
    "Gender": "female",
    "DateOfBirth": "2024-03-29T00:00:00",
    "Email": "santoshsinghcsharp@gmail.com",
    "ContactNumber": "09661524394",
    "State": "Up",
    "City": "Noida",
    "Hobbies": [
      "Chess"
    ],
    "AgreeTerms": true
  },
  {
    "Name": "santosh singh",
    "Gender": "female",
    "DateOfBirth": "2024-03-23T00:00:00",
    "Email": "santoshsinghcsharp@gmail.com",
    "ContactNumber": "09661524394",
    "State": "Delhi",
    "City": "New Delhi",
    "Hobbies": [
      "Cricket",
      "Football"
    ],
    "AgreeTerms": true
  }
]